Tweet,Text,,,,,,,,,,,,,,,,,,,,,,,,
Buenos,"días,Good","morning,Bom",día,,,,,,,,,,,,,,,,,,,,,,
Buenos,"días,Good","morning,Bom",día,,,,,,,,,,,,,,,,,,,,,,
Buenos,"días,Good","morning,Bom",día,✌👍,🤗,#FelizMartes,loquitos,#beard,#mural,#barbados,#graffite,#GraffArt…,,,,,,,,,,,,,
Buenos,"días,",good,"morning,",bom,dia,,,,,,,,,,,,,,,,,,,,
This,is,what,#happiness,looks,like!,When,your,parents,come,from,#Barbados,to,visit,you,in,#Geneva,(with,#Chefette,r…,,,,,,
In,1949,we,started,flying,to,"#Barbados,",and,we’ve,been,proud,to,share,the,island’s,"sun,","sand,",and,hospitality,ever…,,,,,,
Ten,years,ago,today,I,ended,my,stint,with,the,#Barbados,government,and,became,a,proud,international,civil,servant,a…,,,,,,
#CousinsMeet,in,#Barbados,@CelebritySummit,@Azamara,#CruiseGlobal,#MeetFriends,#CareerAtSea,,,,,,,,,,,,,,,,,,
Fuck,#Barbados.,,,,,,,,,,,,,,,,,,,,,,,,
I,received,Amb.,Zbigniew,Czech,and,discussed,Poland’s,support,to,@UNCTAD,work,on,climate,and,"trade,","gender,",digital…,,,,,,,,
Everybody,does,share,them,nice,up,pictures,so,why,not,me,too,😌🤷🏽‍♂️,,,,,,,,,,,,,
6,#Barbados,Resorts,to,Visit,Right,Now,🇧🇧,@caribjournal,,,,,,,,,,,,,,,,,
I,should,start,making,postcards,because,this,sunset,in,#Barbados,is,stunning!,,,,,,,,,,,,,,
Afternoon,views…,#SandyLane,#Barbados,#LuxuryResort,,,,,,,,,,,,,,,,,,,,,
Congratulations,to,all,who,took,part,in,the,UK’s,child,safeguarding,workshop,for,#Barbados,&amp;,E.Caribbean.,High,Comm…,,,,,,,,
In,"#Barbados,",the,Heart,Man,appears,in,#Bajan,folklore,as,a,man,who,carves,peoples,hearts,out,especially,those,of,d…,,,,,
#CruiseGlobal,#ExperienceLocal,#Barbados,with,a,#LateStay,and,#LocalPerformance,on,board,#ColorsOfTheCaribbean…,,,,,,,,,,,,,,,
💦Let's,take,a,trip,to,Browne's,Beach!,💦,,,,,,,,,,,,,,,,,,
First,time,on,the,"radio,",and,it’s,here,in,Barbados,🇧🇧.,Very,appreciative,for,this,opportunity,and,for,Barbados,to,g…,,,,,
Update:,These,2,laws—#Barbados,Medicinal,Cannabis,Industry,Bill,&amp;,Sacramental,Cannabis,Bill—were,signed,by,the,gove…,,,,,,,,,,
Honoured,to,join,the,High,Commissioners,of,"#Barbados,",#Jamaica,and,#Antigua,with,@CharlieCWheeler,last,week,in,cele…,,,,,,,,,
I,just,had,to...,🇧🇧🇧🇧,#Barbados,#Bajan,#NFSHeat,,,,,,,,,,,,,,,,,,
I've,finished,day,two,of,my,Barbados,itinerary...,so,you,know,I'll,have,the,whole,thing,done,and,uploaded,in,a,few…,,,,
The,best,things,in,life,are,sweet.,#SandyLane,#Barbados,#LuxuryResort,,,,,,,,,,,,,,,,
#BarbadosNews,#Barbados,,,,,,,,,,,,,,,,,,,,,,,,
The,beach,#Barbados,,,,,,,,,,,,,,,,,,,,,,,
Bought,myself,a,little,Christmas,gift,and,booked,flights,to,@Barbados,in,May,😁,this,will,be,my,first,trip,to,the,Ca…,,,
A,good,three,days,of,solid,work,at,Apes,Hill,hoping,to,be,finished,with,the,third,hole,by,the,end,of,the,weekend.…,,
Ahead,of,the,#ManchesterDerby,tomorrow,I,have,to,publicly,admit,my,mistake,of,not,checking,the,date,before,I,booke…,,,,,,
It’s,a,time,for,change.,Addressing,these,four,key,areas,that,present,structural,challenges,to,growth,and,developmen…,,,,,,,,
The,Rainbow,view,#Barbados,,,,,,,,,,,,,,,,,,,,,,
Every,time,I,leave,"Barbados,",I,feel,like,I,leave,a,piece,of,me,behind.,#warmbreezes,#wonderfulpeople,#barbados…,,,,,,,,
Spent,a,few,hours,on,the,ground,taking,photos,before,the,renovation,of,Apes,Hill,begins.,#golfcourserenovation…,,,,,,,,,
Rare,Bird,Alert:,A,pair,of,Ruffs,at,St.,Philip,.,Video,by,John,Webster,of,#Barbados,Birding,&amp;,Photography,Tours.…,,,,,
Sitting,on,a,beach,in,#Barbados,we,just,finished,our,digital,workshops,with,the,@PrincesTrust,young,people,and,Digi…,,,,,,,
Our,fairways,at,The,Country,Club,are,just,one,of,the,many,reasons,to,visit.,#SandyLane,#Barbados,#LuxuryResort,,,,,,,,
Had,a,lovely,day,at,@StNicholasBds,heritage,railway,a,must,see,for,anyone,visiting,#Barbados,@mostbeautifulr1,,,,,,,,,,
Un,día,de,#Invierno,en,Barbados.,,,,,,,,,,,,,,,,,,,,
��Meet,the,newest,member,of,the,medical,cannabis,industry,in,the,#Caribbean:,#Barbados,medical,cannabis,law,clears,f…,,,,,,,,
DAMMMMMMMMMMMMMN,,,,,,,,,,,,,,,,,,,,,,,,,
When,you,meet,#MorganFreeman,on,#Barbados,by,accident...,life,is,getting,better,everyday,,,,,,,,,,,,,
We,support,authentic,rum,tradition,&amp;,heritage,in,#Jamaica,and,#Barbados,the,heart,&amp;,soul,of,Rum,#saverealrum…,,,,,,,,
#BarbadosNews,#Barbados,,,,,,,,,,,,,,,,,,,,,,,,
✈️Nuestro,YV560T,listo,para,despegar,a,#Barbados,🇧🇧,Feliz,viernes!!,🙌🏻,,,,,,,,,,,,,,,
I,forgot,I,was,patriotic,for,a,day.....,#barbados,#Independence,yea,I'm,late,🙄🇧🇧,,,,,,,,,,,,
The,quest,for,identity,has,always,been,a,tough,thing,for,many,and,the,movie,'Joseph',premiering,on,December,"7,",at…,,,,,
I,can’t,stand,to,see,democracy,wiped,out,in,UK.,,,,,,,,,,,,,,,,
Congratulations,to,Alian,Ollivierre,on,becoming,the,121st,#PointsofLight,winner.,Your,work,supporting,and,mentoring…,,,,,,,,,,,
Good,morning!,🤶🏽🎅🏿,,,,,,,,,,,,,,,,,,,,,,,
Britannia,and,Oceana,docked,together,in,Barbados,a,couple,of,years,ago.,It’s,always,nice,to,dock,with,ships,from,th…,,,,,
AM,Best,rated,captives,domiciled,in,"#Cayman,",#Bermuda,and,#Barbados,consistently,post,operating,and,combined,ratios…,,,,,,,,,,
Beautiful,breakfast,views,this,morning!😎,@CraneBarbados,#Barbados,,,,,,,,,,,,,,,,,,,
What,a,beautiful,island....#Barbados,#sandals,#vacation,#nosnow,,,,,,,,,,,,,,,,,,,
Can’t,praise,Chris,enough,#Trailfinders,#Deansgate,@VirginAtlantic,#Barbados,,,,,,,,,,,,,,,,,,
#barbados,,,,,,,,,,,,,,,,,,,,,,,,,
There,is,it!!,@Spotify,has,spoken!!,@rihanna,😂,,,,,,,,,,,,,,,,,,
💏,Turn,your,island-romance,fantasy,into,reality!,,,,,,,,,,,,,,,,,,,
The,best,part,of,being,a,Trump-free,expat,in,#Barbados,is,morning,strolls,with,views,like,this,when,back,home,is…,,,,,
#BARBADOS:,Cabinet,has,announced,that,former,United,States,Attorney,General.,Eric,"Holder,",has,been,awarded,the,Hono…,,,,,,,,,
Return,of,the,What???,,,,,,,,,,,,,,,,,,,,,,
Waking,up,on,a,cold,🥶,#Monday,morning,means,we,are,definitely,in,need,of,some,#MondayMotivation.,,,,,,,,,
Such,a,stressful,day,#Barbados,#clearsea,#beach,,,,,,,,,,,,,,,,,,,
I’ve,really,disliked,building,tees,for,a,long,period,of,time,but,when,your,enhancing,views,like,this,beside,the,tee…,,,,,
•Keisha,voice:,Good,morning!,,,,,,,,,,,,,,,,,,,,,,
We,have,just,completed,our,#Digihack,with,the,cohort,from,@PrincesTrustInt,in,#Barbados,👌👏💪🙌,#digital,#skills…,,,,,,,,,,
Imaginesim,Shares,New,Teaser,of,Barbados,#Airport,#Barbados,#Scenery,,,,,,,,,,,,,,,,,
Take,me,back,to,paradise,❤️🇧🇧,#barbados,#holidayblues,,,,,,,,,,,,,,,,,,
Because,every,concrete,step,"matters,",@UNBdosandOECS,celebrates,with,#Barbados,Council,for,the,Disabled,the,2019,Int…,,,,,,,,,,
We,Gatherin',Barbados,2020,moves,to,St.,John,in,the,month,of,May.,,,,,,,,,,,,,
Just,another,day,at,Freights,Bay,#surfingbarbados,#surfbarbados,#surfschoolbarbados,#surflessonsbarbados…,,,,,,,,,,,,,,,,
#Barbados,singer,wins,#Fashion,award,-,@GraziaUK,,,,,,,,,,,,,,,,,,,
New,kids,on,the,block,for,the,BBD’s,Rum,Buggers.,From,#Barbados,@DoorlysUK,XO,and,@foursquare_rum,Bristol,Classic,2…,,,,,,,
.@rihanna,looks,breathtakingly,beautiful,as,she,enjoys,the,sunlight,in,the,outdoors,in,Saint,Michael.,,,,,,,,,,,
Last,"night,",@HCJanetDouglas,was,delighted,to,host,supporters,of,the,#PrincesTrust,to,thank,them,for,their,support,f…,,,,,,,,
When,#Barbados,meets,#Botswana,🇧🇧,x,🇧🇼,,,,,,,,,,,,,,,,,,,
Dr,"@CKirubi,",chairman,of,@CentumPLC/@TwoRivers_KE,and,Hon.,"@miaamormottley,",Prime,Minister,of,#Barbados,at,the,inau…,,,,,,,,,,,
Today,is,a,busy,day,but,I'm,ready,for,it,#missworld,#london,#barbados,,,,,,,,,,,,,
Quickly,find,the,best,Happy,Hours,on,the,south,coast,of,#Barbados:,,,,,,,,,,,,,,
Barbados,is,such,a,beautiful,island.,Full,of,character,and,lovely,people.,I’m,really,enjoy,working,here,(and,grabbi…,,,,,,,
Let’s,keep,pressuring,the,Government,of,Barbados,to,take,action,in,mediating,the,damage,they,have,caused,and,commit…,,,,,,,
Men,heading,to,Bimshire??,#Barbados,,,,,,,,,,,,,,,,,,,,,
It,is,more,than,"work,",it's,an,experience.,#YouShouldShootHere,#Barbados,#Caribbean,#CaribbeanProduction…,,,,,,,,,,,,,,
Tip,#1,when,setting,the,table,for,the,Holidays🌲:,Always,secure,the,booze,🍸,🤣,#happyholidays,#nelohnproperties…,,,,,,,,,
��🇧❤DOYIN,FROM,THE,UK,WAS,ABSOLUTELY,AMAZING,AND,BRILLIANT,WE,HAD,THE,MOST,AMAZING,TIME,TEACHING,HER,HOW,TO,FLY😁😁😁👀…,,,,,,
Ride,through,the,island,,,,,,,,,,,,,,,,,,,,,,
Listen,to,“Peez,Ashton,-,Crown,👑,(feat.,Miguel,Jordan,[@heem_24],)”,on,,,,,,,,,,,,,
Slay,@rihanna,,,,,,,,,,,,,,,,,,,,,,,,
Tune,into,@Y103FM,tomorrow,morning,6,AM,-,10,AM!,,,,,,,,,,,,,,,,
��🔥HELL,YEAH,DESEREE,MOVING,LIKE,A,SPEEDSTER,AND,ADAPTING,TO,OUR,INSTRUCTIONS,OVER,THE,SOUND,OF,THE,ENGINE☝️☝️🚀🚀…,,,,,,,,
I'm,a,finalist,for,Talent,ya'll,#missworld,london,#barbados,#chegreenidge,#missworld2019,,,,,,,,,,,,,,,
Listen,"up,",Listen,please,👑,,,,,,,,,,,,,,,,,,,,,
This,view,does,not,get,old.,#TravelTuesday,🛫,#Barbados,☀️,#sunandsand,😎🏝,,,,,,,,,,,,,,
Why,not,grab,some,friends,and,head,to,Open,Kitchen,for,these,delicious,delights?,,,,,,,,,,,,
WITCHCRAFT,,,,,,,,,,,,,,,,,,,,,,,,,
I,guess,you,could,say,I,am,having,fun,in,studio,x,drewzalem,tonight.,,,,,,,,,,,,
For,the,best,authentic,Indian,food,in,"#Barbados,",dine,at,Asian,Spice,@AllSeasonsBgi,👍,,,,,,,,,,,,
Nikki,beach,spirit,#portraitphotography,#portraits,#myportrait,#portraitvision,#nikkibeach,#lifeinthecaribbean…,,,,,,,,,,,,,,,,,
New:,Why,Caribbean,countries,are,lining,up,to,join,the,medicinal,ganja,business,,,,,,,,,,,,,
🍹🥃,It's,party,time,at,Cafe,Sol,~,Mexican,Grill,&amp;,Margarita,Bar,with,two,daily,happy,"hours,",and,2,for,1,drinks,speci…,,
Bring,me,back,to,the,🌞🌡🌊,,,,,,,,,,,,,,,,,,,,
Ah,look,who,me,butt,in,D,Gap.,Ah,Majah,Hype,dat!!!!,,,,,,,,,,,,,,
Views,to,fall,in,love,with,😍,,,,,,,,,,,,,,,,,,,
Set,alongside,2,white,sand,beaches,the,stunning,Hilton,Barbados,Resort,has,an,onsite,diving,centre,&amp;,all,rooms,have…,,,,,,
Rihanna,on,a,rum,tour,in,Barbados,🙂,#riri,#rumming,#Barbados,,,,,,,,,,,,,,,
Way,to,go,@smscougars_cheerleaders,What,a,model,school,looks,like!,Fund,raising,events,can,incorporate,smoothies.,,,,,,,,,,
Memories,in,the,making,at,Fairmont,Royal,Pavilion,#Barbados,@FairmontHotels.,Call,us,for,details:,817-924-7766…,,,,,,,,,,,
Nicola,and,Cora,from,our,offices,were,at,the,launch,of,the,@Caribtours,#2020,brochure,last,night,at,@TheIvyDublin.…,,,,,,,
A,new,batch,of,DOS,images,has,been,released,on,,,,,,,,,,,,,,,,
This,Friday...,,,,,,,,,,,,,,,,,,,,,,,,
#NowOnline,|,SALISES,Course,Offering:,Social,Investment,in,Children,,,,,,,,,,,,,,,,,
Barbados,at,it's,BEST!,,,,,,,,,,,,,,,,,,,,,,
It’s,a,time,for,change.,Addressing,these,four,key,areas,that,present,structural,challenges,to,growth,and,developmen…,,,,,,,,
��🍹,Enjoy,amazing,beach,views,under,the,shade,of,the,almond,trees,at,Captain,Charlie's,Beach,Bar,as,you,indulge,in…,,,,,
FINAL,CALL,📢,Reminder,that,it's,the,last,day,to,enter,our,giveaway,to,a,win,a,7-night,stay,at,The,Club,Barbados,Res…,,
In,the,beginning,God,created,JUS,D,then,he,created,@MoleDeChief,now,every,gal,getting,Thump,up!!!!,Brand,new,music…,,,,,,
Looking,for,a,casual,lunch,spot,on,the,south,coast?,Stop,in,at,Blue,Bench,Restaurant,&amp;,Bar,for,excellent,local,&amp;,in…,,,
It's,always,a,good,day,for,cocktails,along,the,boardwalk,at,Blue,Pineapple,🍸,,,,,,,,,,,,
Junior,Sparks,x,Cherita,O’dell,-,What,are,they,up,to,now?,Can’t,wait,to,see,what,they,release,in,2020!,Trust,"me,…",,,
Memories,in,the,making,at,Fairmont,Royal,Pavilion,#Barbados,@FairmontHotels…,,,,,,,,,,,,,,,,
Kiss,the,bear,🐻💋,,,,,,,,,,,,,,,,,,,,,,
Project,#Barbados,has,started.,Will,be,posting,pictures,of,this,beautiful,place,this,week,and,our,amazing,#curtains…,,,,,,,,
We,are,Live,in,15mins,click,on,the,link,@CheAmorg,@MissWorldLtd,@johnkingbb,@Barbados,#missworld,#london,#barbados…,,,,,,,,,,
A,majority,of,the,U.S.,is,under,"rain,",snow,and,severe,cold.,"Meanwhile,",I’m,in,the,#Caribbean,the,past,two,years,lik…,,,,
Um,bom,lugar,se,constrói,com,humildade💈📏🎶,,,,,,,,,,,,,,,,,,,
Even,the,monkeys,are,laid,back,in,#Barbados,where,Anne,and,I,just,enjoyed,two,weeks,courtesy,Bishop,Wilfred,and,Ina…,,,,,
Magic,Ring,in,United,Kingdom,,,,,,,,,,,,,,,,,,,,,
Hex,Spells,That,Work,in,Minutes,,,,,,,,,,,,,,,,,,,,
Guess,who's,at,the,Colonnade,Mall,from,12,to,3,pm,on,Thu?,🎅🏼,Ho,ho,ho!,Shake,it,up,this,Xmas,with,#Digicel!…,,
#BarbadosNews,#Barbados,,,,,,,,,,,,,,,,,,,,,,,,
Commitment,Spells,that,work,in,Minutes,,,,,,,,,,,,,,,,,,,,
#Travel,#Barbados,#offers,,,,,,,,,,,,,,,,,,,,,,,
Money,Spells,For,Beginners,,,,,,,,,,,,,,,,,,,,,,
#tbt,to,when,I,was,in,@barbadostoday,;,take,me,back,to,the,heat,!!!,It’s,to,cold,🥶,this,winter,in,nyc.…,,,
#NYC,#Christmas,#HappyHolidays,#MerryChristmas,#ChristmasInNYC,#NYCbears,#Beard,#Beardedgay,#TheBeardedWay…,,,,,,,,,,,,,,,,,
#thebeardedway,#beardedgay,#barbados,#NYCbear,#bearselfie,#Beard,#Bearded,#Christmas,#NYCcjristmas,#HappyHolidays,@…,,,,,,,,,,,,,,,
Life’s,a,beach,in,this,over-the-top,villa,in,sensational,#Barbados,#TravelTuesday…,,,,,,,,,,,,,,,
3,MILLION!!,,,,,,,,,,,,,,,,,,,,,,,,
You,ever,been,minding,your,own,business,and,found,out,others,were,minding,your,own,business,as,well?,#Barbados,#islandlife,,,,,,
#Barbados,Weather:,Fri,Dec,6th,⛅️,,,,,,,,,,,,,,,,,,,,
Excellent,"article,",on,how,to,rank,higher,on,The,higher,you,"rank,",the,more,chances,you,have…,,,,,,,,,
Brand,new,#villas,&amp;,#chalets,to,rent!,Whether,you're,dreaming,of,a,white,#Christmas,in,the,"#Alps,",winter,sun,on…,,,,,,
Skip,the,cold,winter,and,fly,to,#Barbados,from,#Frankfurt,in,January!,,,,,,,,,,,,,,
My,happy,feet,,,,,,,,,,,,,,,,,,,,,,,
Scorpio’s,know,🔥🔥🔥,,,,,,,,,,,,,,,,,,,,,,,
Latest,handover,to,a,client.,,,,,,,,,,,,,,,,,,,,,
Reposted,from,dregularsmusic,(@get_regrann),-,-,#regrann,,,,,,,,,,,,,,,,,,,
Watch,my,Head,to,Head,Challenge,tomorrow,At,8am,local,time,,,,,,,,,,,,,,,
Rihanna✨,@rihanna,“A,Brilliant..headstrong,artist,from,Barbados”🏝,#rihanna,#rihannanavy,#rihannadiamonds,#drawings…,,,,,,,,,,,,,,,
Take,a,look,at,our,new,website:,#Barbados,#Souvenir,#souvenirs,#Handmade,#HandCrafted,#Woodwork,,,,,,,,,,,,,
#Barbados,has,taken,soil,from,an,enslaved,persons',burial,ground,and,transported,it,to,#Ghana,--,to,symbolically,re…,,,,,,,
Did,we,inspire,you,to,book,a,holiday,to,#Barbados,in,our,last,tweet?,Check,out,our,Barbados,#TravelGuide,and,see,wh…,,,,
We,are,surrounded,by,beauty...,Dreaming,about,the,animal,flower,cave,in,St,Lucy,#Barbados!,😍☀,,,,,,,,,,
First,step,to,my,upcoming,Caribbean,life,#Barbados,🇧🇧,,,,,,,,,,,,,,,,,
Grendon,"House,",Sandy,"Lane,",Barbados,-,"US$3,800,000",,,,,,,,,,,,,,,,,,,
Barbados,curtains,in,the,outdoor,dining,area,🤗,#ellinisinteriors,#beautifulhomes,#curtaingoals,#byronandbyron…,,,,,,,,,,,,,,
Mr.,Burgie,not,only,wrote,the,Banana,Boat,"song,",but,the,lyrics,to,Barbados',national,anthem.,When,they,celebrated,i…,,,,,,
State,of,the,art,everything,@NelohnB,Providence,Estate,#airbnbsuperhost,#barbados…,,,,,,,,,,,,,,,,
#art,#artist,#artistoninstagram,#arts,#artistic,#artwork,#artoftheday,#artofinstagram,#exhibit,#bridgetown…,,,,,,,,,,,,,,,,
My,looooong,overdue,recap,of,Barbados,Carnival,aka,Crop,Over,aka,de sweetest summer festival,is,now,up.,Read,on,a…,,,,,,,,
The,famous,Crane,Beach,on,the,beautiful,island,of,Barbados!,#uniglobetravel,@Barbados,@CraneBarbados,#Barbados,,,,,,,,,,,,
"Yes,",we’re,having,a,ball,"today,",while,passing,by,the,house,of,#Rihanna,at,#Barbados,on,a,catamaran,🐠🌎#fecruise19,,,,,,,
Wuz,de,word,ppl?,,,,,,,,,,,,,,,,,,,,,,
You’ve,been,working,hard,for,a,whole,"week,",so,now,it’s,time,to,let,yourself,rest.,Fridays,are,made,to,make,people,h…,,,
#TravelTuesday,#Disney,#vacation,,,,,,,,,,,,,,,,,,,,,,,
Weekend,mood.,#SandyLane,#Barbados,#LuxuryResort,,,,,,,,,,,,,,,,,,,,,
Election,Night,Hot,Wings,🔥,with,a,ginsengup,Cranberry,Glaze,to,get,that,Sweet,and,Sticky,Character,going,💯…,,,,,,,
These,roots,are,fascinating.,#susanmains,from,the,Ancestor,Series.,Opens,at,Gallery,of,Caribbean,Art,12th,Jan…,,,,,,,,,
💚💛❤🇧🇧🌿🙏🏾🦁,,,,,,,,,,,,,,,,,,,,,,,,,
Top5,#MissUniverse2019,,,,,,,,,,,,,,,,,,,,,,,,
Love,Transition,By,Shac,Available,Pon,yo,fav,stores,gooo,get,it,,,,,,,,,,,,,,
#Brownes,#Beach,#Barbados,#Beautiful,☀️,,,,,,,,,,,,,,,,,,,,,
Quiet,morning,swims,alone.,😌,#Barbados,,,,,,,,,,,,,,,,,,,,
#Jamaica,#Mexico,#DominicanRepublic,#Aruba,#GrandCayman,#Antigua,#PuertoRico,#Barbados,#CostaRica,The,possibilites…,,,,,,,,,,,,,,,
#Barbados🇧🇧,,,,,,,,,,,,,,,,,,,,,,,,,
It's,almost,time,for,We,Gatherin',Barbados,2020!,,,,,,,,,,,,,,,,,,
Aunty,Olga,Memorial,School,Aid,Programme,#Barbados,urgently,needs,school,supplies.,You,can,help,when,you,stay,with…,,,,,,,,
We're,sorry!,What's,On,In,Barbados,is,currently,undergoing,website,maintenance.,We,apologize,for,the,inconvenience…,,,,,,,,,,
Blissful,week,with,this,beautiful,boy,🏇,#BarbadosSpam,#BackToBarbados,#Barbados,#HorsesOfInstagram,#BestBuds…,,,,,,,,,,,,,,
Find,enchantment,just,beyond,the,horizon,and,embrace,an,expansive,mood,of,easy,elegance,in,beautiful,#Barbados,this…,,,,,,,,
Not,the,#LakeDistrict,but,still,fun,in,sunny,#Barbados,,,,,,,,,,,,,,,,,
The,perfect,way,to,start,the,day,is,breakfast,at,pureocean,😍,,,,,,,,,,,,,,
Home,sweet,home...,🌴☀️🏠🏖️,#gibbsgladeholidays,#bookdirectmap,#Barbados,,,,,,,,,,,,,,,,,,,
Estrenando,nuevo,look,#europa,#españa,#madrid,#europa2019,#eurotrip,#barbados,en,Madrid,Capital,,,,,,,,,,,,,,
Reposted,from,@SkinnyBanton1,(@get_regrann),-,Reposted,from,newsbeforenewstt___,funeral,in,South,Oropouche,R.I.…,,,,,,,,,,,,,
bdbcosmeticbrasil,#aprovadopelosbarbeirosdobrasil,#batalhadosbarbeirosbrasil,#pomadamodeladora,#maracumatte…,,,,,,,,,,,,,,,,,,,,,
This,time,last,week,I,was,on,the,plane,✈️,coming,back,from,Barbados,😭😭😭🥺🥺🥺,#Barbados,,,,,,,,,,
Welcome,to,the,Rum,Vault...,aka,Heaven,to,rum,lovers,😉,,,,,,,,,,,,,,,
A2Z,Custom,Wear,will,be,closed,for,the,holidays.,,,,,,,,,,,,,,,,,
��Christmas,Holiday,In,Barbados🎄,Get,this,breathtaking,view,when,you,stay,and,rysonthebeach,🌊,Contact,them,and,book…,,,,,,,,
Spread,across,a,total,area,of,439,sq.,km,(169,sq.,"mi),",Barbados,is,an,island,country,that,is,located,in,the,North,A…,,
"Dive,","explore,",become,a,rum,cocktail,"mixologist,",learn,to,"windsurf,",the,endless,possibilities,on,this,wonderful,Isl…,,,,,,,,,
#BarbadosNews,#Barbados,,,,,,,,,,,,,,,,,,,,,,,,
#BarbadosNews,#Barbados,,,,,,,,,,,,,,,,,,,,,,,,
#Barbados,Weather:,Thu,Dec,5th,☀️,,,,,,,,,,,,,,,,,,,,
So,many,Barbadians,are,making,waves,in,their,fields,around,the,world.,,,,,,,,,,,,,,
WITCHCRAFT,,,,,,,,,,,,,,,,,,,,,,,,,
WHITE,MAGIC,SPELLS,TO,TRY,AT,HOME,,,,,,,,,,,,,,,,,,,
Magic,Ring,in,United,Kingdom,,,,,,,,,,,,,,,,,,,,,
Hex,Spells,That,Work,in,Minutes,,,,,,,,,,,,,,,,,,,,
#Barbados,Weather:,Wed,Dec,4th,⛅️,,,,,,,,,,,,,,,,,,,,
Spread,across,a,total,area,of,439,sq.,km,(169,sq.,"mi),",Barbados,is,an,island,country,that,is,located,in,the,North,A…,,
Commitment,Spells,that,work,in,Minutes,,,,,,,,,,,,,,,,,,,,
Money,Spells,For,Beginners,,,,,,,,,,,,,,,,,,,,,,
Congrats,to,Rihanna,on,winning,the,Urban,Luxe,Award,at,the,recent,Fashion,Awards,in,"London,",UK,for,her,FENTY,brand.…,,,,,
If,you,are,interested,in,underwater,excursion,in,#Barbados,read,my,blog,to,find,out,what,some,of,the,best,excursion…,,,,,
Black,Magic,Spells,,,,,,,,,,,,,,,,,,,,,,,
Whether,you,are,looking,for,a,short-term,rental,or,a,long-term,"rental,",there,are,many,apartments,available,in,Barba…,,,,,,,
Money,Spells,That,Work,Overnight,,,,,,,,,,,,,,,,,,,,,
When,you,hold,any,Barbadian,#banknote,up,to,the,"light,",the,image,of,the,person,featured,on,the,note,will,appear,on…,,,,
“So,if,you’re,"poor,",you’re,dead”,,,,,,,,,,,,,,,,,,,,
#Gazini,nails,the,swimsuit,competition!,That,"BODY,","aura,",and,morena,skin!,Ugh!,Hips,don’t,"lie,",twirl,bi*ch!,💃🏻,My,s…,,,,,,
University,of,the,West,Indies,medical,students,going,to,Africa,in,order,to,gain,work,experience,&amp;,to,fulfil,require…,,,,,,
It’s,beginning,to,look,a,lot,like,a,Caribbean,Christmas,at,#providenceestate,#barbados🎄,,,,,,,,,,,,,
Monday,Inspirations:,This,is,the,perfect,way,to,set,up,the,atmosphere,for,your,beach,wedding.,Visit,us,at…,,,,,,,
#Barbados,Weather:,Sat,Dec,7th,⛅️,,,,,,,,,,,,,,,,,,,,
Speaking,now,is,HE,Marie,Legault,High,Commissioner,of,Canada,to,#Barbados,and,the,Eastern,Caribbean,#canada…,,,,,,,,,
Get,Clear,Invisalign,Braces,To,Transform,Your,Smile,From,This,Barbados,Dentist,#Barbados…,,,,,,,,,,,,,
#Barbados,,,,,,,,,,,,,,,,,,,,,,,,,
Dicembre,a,#Barbados,😍,,,,,,,,,,,,,,,,,,,,,,
Memoirs,from,an,unforgettable,trip,...,,,,,,,,,,,,,,,,,,,,
Pasta,🍝,delight,,,,,,,,,,,,,,,,,,,,,,,
I,love,this,"girl,",thank,you,@MissWorldLtd,for,bringing,us,together,🇦🇬🇧🇧,taqilamorena,,,,,,,,,,,,,
I,thought,we,were,going,to,a,sale...,#sailing,#barbados,#whateverfloats,#atsea,#relaxing,#blueskies,,,,,,,,,,,,
New,Luxury,Holiday,Villa,-,Available,for,Christmas,in,the,Caribbean,-,@BlueSkyLuxury…,,,,,,,,,,,,,
It,was,a,great,honour,to,welcome,the,CARICOM,(Caribbean,Community,and,Common,Market),Head,of,Missions,to,the,UK,und…,,,,,
Wrapping,up,a,great,recording,session,today,with,@LonsdaleJamie,and,saskysasky,produced,by,@robemery,and,#Moritz,Sc…,,,,,,,,,
What’s,your,favourite,Bajan,dish?,,,,,,,,,,,,,,,,,,,,,
#Barbados,Weather:,Mon,Dec,2nd,,,,,,,,,,,,,,,,,,,,,
The,pic,ses,“3,Good”,.,Trinity,tuff,within,these,entities,💪🏽💪🏽🇧🇧🇧🇧.,@supastarizzy,,,,,,,,,,,,,
Wuz,de,word,ppl?,,,,,,,,,,,,,,,,,,,,,,
Hoy,visitó,nuestro,Museo,el,Ministro,de,Economía,"Creativa,",Cultura,y,Deporte,de,"#Barbados,",acompañado,del,Embajador…,,,,,,,,,
Gibbs,"Beach,",a,three,minute,stroll,from,us.,Four,in,traffic...,👣🌴☀️🚌💖,,,,,,,,,,,,,,
Estão,todos,contentes,com,o,@flamengo,e,o,gabigolzinho,também!😂💈📏,,,,,,,,,,,,,,,,
Ele,só,quer,paz!,Deitar,na,"areia,",olhar,as,"nuvens,",ouvir,as,ondas,e,conversar,com,Deus.,,,,,,,,,
Enjoy,a,warm,tea,with,our,premium,tasting,green,tea.,100,Tea,Bags:,$3.00.,,,,,,,,,,,,
The,Rastafari,movement,is,a,government,by,itself.,Rasta,must,come,together.,Right,Time,,,,,,,,,,,,
Two,Caribbean,jewels,but,there,can,only,be,one,that,comes,out,on,top.,Who,wins?,Find,out,more,with,our,holiday,show…,,,
Black,Magic,Spells,,,,,,,,,,,,,,,,,,,,,,,
Love,"WhatsApp,","Instagram,",YouTube,and,Facebook?,Help,us,find,out,which,one,the,Caribbean,uses,most:…,,,,,,,,,,
Fishing,my,meal!,🙊🐟,,,,,,,,,,,,,,,,,,,,,,
Listen,to,best,Soca,tunes,on,@Caribbean,NOIZE,#NowPlaying,The,Grinch,-,MYRON,B,Download,our,app,Today…,,,,,,,,
BUDGETING,IS,NOT,A,ONE,TIME,"THING,",IT'S,AN,EVERYDAY,THING,#debtfreecaribbean,#Barbados,#dfc,#debtfreedom,#Caribbean,#debtfreebarbados,,,,,,,,,
In,the,"beginning,",there,was,"God,",and,the,word....and,"now,",there's,Dr.Sparman.,The,Temple,episode,"18,",,,,,,,,,,
#travel,to,#barbados,all,the,#country,#cities,#maps,#roadmap,#weather,#Forecast,,,,,,,,,,,,,,,
Back,at,it,to,get,in,shape,for,Barbados.,I,refuse,to,get,onboard,with,@VirginAtlantic,in,April,the,size,I,am,now!,B…,,
Barbados,will,be,nowhere,without,its,people.,,,,,,,,,,,,,,,,,,,
A,survey,for,the,Caribbean,about,the,social,media,we,use,most,often:,#socialbizzbuzz…,,,,,,,,,,,,
My,husband,and,our,floating,bar,🍹,,,,,,,,,,,,,,,,,,,
,,,,,,,,,,,,,,,,,,,,,,,,,
These,are,my,toes.,,,,,,,,,,,,,,,,,,,,,,
“It,will,soon,be,nearly,impossible,for,a,child,to,find,a,place,to,ride,a,bicycle,safely,or,for,a,family,to,have,a,p…
Listen,to,best,Soca,tunes,on,@Caribbean,NOIZE,#NowPlaying,Marina,-,Ronoman,Download,our,app,Today…,,,,,,,,,,
#barbados,here,is,our,Mid-Week,Tip,#tipoftheweek,#midweektip,#tipsandadvice,#december,#wednesday,#wednesdayword…,,,,,,,,,,,,,,
Did,you,get,your,@rihanna,book,yet?,,,,,,,,,,,,,,,,,,,
This,is,such,a,fantastic,program!,🏏,,,,,,,,,,,,,,,,,,,
IF,YOU'RE,NOT,TRACKING,EVERY,DOLLAR,THAT,LEAVES,YOUR,"POCKET,",YOU'LL,NEVER,KNOW,WHERE,IT,ALL,WENT,#debtfreecaribbean…,,,,,,,,
#CaribbeanAllinclusiveVacations,#Antigua,#SaintLucia,#Mexico,#TurksandCaicos,#Grenada,#Barbados,#Bahamas,#PuntaCana…,,,,,,,,,,,,,,,,,
#TrinidadandTobago,#Jamaica,#Barbados,#Guyana,#Guadeloupe,#Grenada,#Antigua,#CaymanIslands,#StKitts,#Nevis…,,,,,,,,,,,,,,,,
Come,along,with,me,as,I,check,out,the,Japanese,Bonsai,Exhibition,at,Queen's,Park,Gallery,in,Barbados.,Check,out,my…,,,,,
What,social,media,do,people,in,the,Caribbean,use,most,often?,Take,the,2,minute,survey:,,,,,,,,,,
I’m,ready,for,#Summer,OR,#Barbados,🇧🇧,,,,,,,,,,,,,,,,,,,
Listen,to,best,Soca,tunes,on,@Caribbean,NOIZE,#NowPlaying,New,Year's,Medley,-,The,Salsoul,Orchestra,Download,our…,,,,,,,,
#bacoos:,Ghost,or,spirit,of,a,dead,person,or,animal,#Guyana,#Barbados,,,,,,,,,,,,,,
Lets,Argue,!,@Dingdongravers1,@ultimaterejects,@961wefm,@slam1005fm,@red967tt,next99.1fm,boomchampionstt,wack901fm…,,,,,,,,,,,,,,,
Listen,to,best,Soca,tunes,on,@Caribbean,NOIZE,#NowPlaying,SWEET,WINE,-,Ghetto,Flex,Download,our,app,Today…,,,,,,,,
Listen,to,best,Soca,tunes,on,@Caribbean,NOIZE,#NowPlaying,TANTIE,EULYN,-,Blazer,Download,our,app,Today…,,,,,,,,,
Good,morning,to,everyone,just,had,an,amazing,breakfast,.,Banana,pancakes,with,cinnamon,and,shaven,coconuts,🥥…,,,,,,,,
Listen,to,RANDOM DANCEHALL MIX SERIES 1.0 #TRINIBAD #JAM #BARBADOS,by,@DeejayDavyDan,via,#spreaker,,,,,,,,,,,,,,,,,,,
PM,Arthur,-,central,to,the,Canada,Barbados,relationship,was,the,deep,relationship,between,then,PM,of,Barbados,Errol…,,,,,,,
The,original,rude,boy,@dahvedlevy,with,dynastyent,at,the,@lilrickhd246,concert!,🔥,🇧🇧,#dahvedlevyrockingyou,degrindn…,,,,,,,,,,,
We,been,climbing,and,dancing,on,stuff,for,"forever,",and,people,use,to,call,us,crazy,or,doing,the,most,#Caribbeans…,,,,,
Love,#barbados,,,,,,,,,,,,,,,,,,,,,,,,
A,little,flutter,perhaps,on,the,gee-gees,🏇🏇perhaps?,,,,,,,,,,,,,,,,,,
#america,is,so,#racist,that,a,little,girl,from,#Barbados,was,able,to,grow,up,and,make,hundreds,of,millions,of,dolle…,,,,
Nothing,is,better,than,fun,and,"sun,",especially,when,it’s,in,Barbados!,Join,us,for,our,Barbados,Crop,over,activities…,,,,,,
Speaking,now,is,former,PM,of,#Barbados,and,current,professor,of,practice,at,UWI,Prof,Owen,Arthur,#canada,#caribbean,,,,,,,
The,original,rude,boy,@dahvedlevy,with,@dynastyent,at,the,@lilrickhd,concert!,🔥,🇧🇧,#dahvedlevyrockingyou…,,,,,,,,,,,,
WHY?????,MUST,WATCH!!,,,,,,,,,,,,,,,,,,,,,,,
“The,reality,is,that,we,have,too,high,a,recidivism,rate,of,over,60,per,cent,and,40,per,cent,of,prisoners,committing…,,,
#BARBADOS,-,This,December,join,us,on,"Thursday,",12,"December,",2019,and,"Friday,",13,"December,",2019,from,10am-2pm,at,our…,,,,,,
Listen,to,best,Soca,tunes,on,@Caribbean,NOIZE,#NowPlaying,Intoxicated,-,Ataklan,Download,our,app,Today…,,,,,,,,,,
#Barbados,senate,approves,bills,allowing,use,of,#MedicalCannabis,and,#SacramentalCannabis,,,,,,,,,,,,,,,,
Have,you,tried,one?,,,,,,,,,,,,,,,,,,,,,,
The,resiliency,of,your,systems,and,management,protocols,is,your,first,port,of,"call,",and,a,risk,assessment,of,the,vu…,,,,,
#memoriesofthisday,December,5,/,5,de,Dezembro,#Salvador,#NewYork,#CrownPrincess,#Barbados,#RoyalPrincess…,,,,,,,,,,,,,,
Create,a,perfect,backdrop,for,your,ceremony,with,our,plastic,arch.,Visit,us,at,today!…,,,,,,,,,,,
What,is,your,favorite,social,media?,Take,the,survey:,#socialbizzbuzz,#survey,#socialmedia…,,,,,,,,,,,,,,
Italian,Foccicia,heading,into,the,oven,❤,,,,,,,,,,,,,,,,,,,
The,#1,#Calypso,singer,and,composer,in,#Barbados,-,I,was,there,in,spirit,Sir,Emil,Straker,-,Dean,Emil,Straker,xxx,,,,
Listen,to,best,Soca,tunes,on,@Caribbean,NOIZE,#NowPlaying,Parang,On,Fire,-,Alison,Hinds,Download,our,app,Today…,,,,,,,
...camino,al,trabajo...,,,,,,,,,,,,,,,,,,,,,,,
Catch,up,with,the,latest,news,from,the,Caribbean,,,,,,,,,,,,,,,,,
Listen,to,best,Soca,tunes,on,@Caribbean,NOIZE,#NowPlaying,Parang,On,Fire,-,Alison,Hinds,Download,our,app,Today…,,,,,,,
Memoirs,from,an,unforgettable,trip,...,,,,,,,,,,,,,,,,,,,,
Two,weeks,after,the,#Barbados,Government,Compulsory,acquired,the,site,which,formerly,housed,the,#LiquidationCentre…,,,,,,,,,,,
Así,procedemos,al,arranque,de,los,plantones,de,vid,que,hemos,criado,durante,este,verano,con,mucho,mimo.…,,,,,,,,
International,Volunteer,Day,"(IVD),",is,an,opportunity,for,us,all,to,promote,volunteerism.,The,2019,theme,is,,,,,,,,,
Today,we,are,looking,at,the,countries,of,Latin,America.,,,,,,,,,,,,,,,,
All,systems,go,in,our,#International,Department!,,,,,,,,,,,,,,,,,,,
Listen,to,best,Soca,tunes,on,@Caribbean,NOIZE,#NowPlaying,Bring,Back,Parang,-,Big,B,Download,our,app,Today…,,,,,,,
Listen,to,best,Soca,tunes,on,@Caribbean,NOIZE,#NowPlaying,Sing,Leon,Sing,-,Leon,Coldero,Download,our,app,Today…,,,,,,,
Beach,Gems:,Morgan,Lewis,Beach,,,,,,,,,,,,,,,,,,,,,
Listen,to,best,Soca,tunes,on,@Caribbean,NOIZE,#NowPlaying,Bring,Yuh,Friends,And,Come,-,Ajala,Download,our,app,Tod…,,,,,,
6,Bulan,"Rilis,",Fenty,Sabet,Penghargaan,British,Fashion,Awards,#ChristianDior,#Givenchy,#Jakarta,#Rihanna,#London…,,,,,,,,,,,,
Who’s,ready,for,a,day,filled,with,these,beauties?,#Repost,joshclarke246,with,@get_repost,,,,,,,,,,,,,
Love,"WhatsApp,","Instagram,",YouTube,and,Facebook?,Help,us,find,out,which,one,the,Caribbean,uses,most:…,,,,,,,,,,
Listen,to,best,Soca,tunes,on,@Caribbean,NOIZE,#NowPlaying,Bring,Me,A,Parang,-,Designer,Download,our,app,Today…,,,,,,,
.@Konshens,mentions,post-apology,to,his,wife,proves,my,theory:,Battle,of,the,Sexes,in,#Barbados,is,some,real,shit.,,,,,,,
Taking,a,vacation,need,to,clear,my,head,#Barbados,#freesoulandmind,,,,,,,,,,,,,,,,
Tonight’s,Rosè,Sunset,#barbadossunset,#sunset,#rosè,#cheerstogoodfriends,#barbados,@,La,Cabane,,,,,,,,,,,,,,,
⁣⁣⁣⁣⁣She,or,he,got,the,juice,😩😩🤣,@Saarjent_PUMPA,#TeamSoca.com,#Soca,#Socamusic,,,,,,,,,,,,,,,
Listen,to,best,Soca,tunes,on,@Caribbean,NOIZE,#NowPlaying,ESTA,FIESTA,-,Lil,Bits,Download,our,app,Today…,,,,,,,,
Pre-Order,up,on,@Bandcamp,,,,,,,,,,,,,,,,,,,,,,
Previously,on,VOB,92.9FM...,,,,,,,,,,,,,,,,,,,,,,
When,The,Cup,Full,and,U,cant,Tek,It,Nuh,More..,#UnaayKnw,#england,#europe,#canada,#miami,#calgary,#dancehall…,,,,,,,,
Road,Tennis:,White,races,to,Fire,in,de,Hole,,,,,,,,,,,,,,,,,
Writer,of,the,Popular,‘Day-O’,and,the,Barbados,National,Anthem,Dies,at,95,More,on,(Link,in…,,,,,,,,,
British,Barbados,Used,Local,Cover,1938,Five,Colors,#philately,#stamps,#Barbados,#Commonwealth…,,,,,,,,,,,,,,
We,need,to,get,what,ever,language,the,conductors,use,when,the,calling,out,the,routes,added,as,a,national,language!,#barbados,,,,
Last,weekend,we,had,a,blast,kicking,off,with,a,special,#birthday,#celebration,#barbados🇧🇧,#independent,dinner,and…,,,,,,,,,
how,to,call,to,or,from,#barbados,#international,calling,#codes,#phone,,,,,,,,,,,,,,,
Listen,to,best,Soca,tunes,on,@Caribbean,NOIZE,#NowPlaying,ESTA,FIESTA,-,Lil,Bits,Download,our,app,Today…,,,,,,,,
What,is,your,favorite,social,media?,Take,the,survey:,#socialbizzbuzz,#survey,#socialmedia…,,,,,,,,,,,,,,
The,First,Leg,of,My,Trip,to,Barbados,-,Getting,There,Was,Just,Part,of,the,Fun,by…,,,,,,,,
What,is,your,favorite,social,media?,Take,the,survey:,#socialbizzbuzz,#survey,#socialmedia…,,,,,,,,,,,,,,
N3w,soca!!,Who,you,see,on,it??,/,Qui,vous,voyez,dessus,?,,,,,,,,,,,,,
In,12,hours,ADAM,is,coming!!!,,,,,,,,,,,,,,,,,,,,
These,roots,are,fascinating.,#susanmains,from,the,Ancestor,Series.,Opens,at,Gallery,of,Caribbean,Art,12th,Jan…,,,,,,,,,
Listen,to,best,Soca,tunes,on,@Caribbean,NOIZE,#NowPlaying,The,Grinch,-,MYRON,B,Download,our,app,Today…,,,,,,,,
Writer,of,the,Popular,‘Day-O’,and,the,Barbados,National,Anthem,Dies,at,95,More,on,(Link,in…,,,,,,,,,
Half,Century,House,Barbados,-,open,for,Christmas,-,6,bedrooms,-,private,pool,and,located,on,Sugar,Hill,community,#NAME?,,,,,
Writer,of,the,Popular,‘Day-O’,and,the,Barbados,National,Anthem,Dies,at,95,More,on,(Link,in…,,,,,,,,,
If,you,own,a,vacation,rental,"business,",one,of,the,things,that,is,a,big,issue,is,cancelling,the,vacation,rental,on,y…,,,
fore,day,morning:,Early,morning,"hours,",before,sunrise.,#StVincent,#Barbados,#USVirginIslands,,,,,,,,,,,,,,,
Spending,next,holiday season,in,#Barbados,,,,,,,,,,,,,,,,,,,,,
Throwing,back,to,a,wicked,episode,of,B.P.P,⚡,mcbridesbarbados,(📸:,focus.photography246),,,,,,,,,,,,,,
These,roots,are,fascinating.,#susanmains,from,the,Ancestor,Series.,Opens,at,Gallery,of,Caribbean,Art,12th,Jan…,,,,,,,,,
Beach,Fun:,Morgan,Lewis,Beach,,,,,,,,,,,,,,,,,,,,,
O,Canada!,Thank,you,for,your,support.,,,,,,,,,,,,,,,,,,,
The,Crane,Hotel,Barbados,,,,,,,,,,,,,,,,,,,,,,
No,filter,required,,,,,,,,,,,,,,,,,,,,,,,
Been,a,good,week,in,#barbados,time,for,the,return,to,the,Uk,@,Fairmont,Royal,Pavilion,,,,,,,,,
Guide,to,Visiting,Barbados,Written,by,Crystal,M,#Guide,to,Visiting,#Barbados,#beach,,,,,,,,,,,,,
Love,"WhatsApp,","Instagram,",YouTube,and,Facebook?,Help,us,find,out,which,one,the,Caribbean,uses,most:…,,,,,,,,,,
New:,Why,Caribbean,countries,are,lining,up,to,join,the,medicinal,ganja,business,,,,,,,,,,,,,
A,celebration,of,#Barbados',literary,"tradition,",an,exchange,of,"cultures,",and,a,discussion,about,the,future,of,the,f…,,,,,,,
Love,#Barbados.,,,,,,,,,,,,,,,,,,,,,,,,
Listen,to,best,Soca,tunes,on,@Caribbean,NOIZE,#NowPlaying,Marina,-,Ronoman,Download,our,app,Today…,,,,,,,,,,
What,social,media,do,people,in,the,Caribbean,use,most,often?,Take,the,2,minute,survey:,,,,,,,,,,
Listen,to,best,Soca,tunes,on,@Caribbean,NOIZE,#NowPlaying,ENJOY,YOURSELF,-,Lennox,Picou,Download,our,app,Today…,,,,,,,,
Vem,verão!,,,,,,,,,,,,,,,,,,,,,,,,
A,survey,for,the,Caribbean,about,the,social,media,we,use,most,often:,#socialbizzbuzz…,,,,,,,,,,,,
Wise,words,from,our,2005,Sir,Winston,Scott,Memorial,"Lecturer,",Dr.,Edward,de,Bono.,#CentralBankofBarbados,#Barbados…,,,,,,,,,,
This,"year,",the,International,Day,of,Persons,with,Disabilities,(IDPD),focuses,on,the,empowerment,of,persons,with,dis…,,,,,,,,
#BBIReport,?,#ENCA,#Eswatini,#Teejay,#DingDong,#Mya,#Davido,#TiwaAttn,#Koffee,#Barbados,#ChrisMartin,#LordBurgess…,,,,,,,,,,,,,
��🇧,💙,#tbt,#travel,#travelblog,#Travelblogger,#travelnoire,#blackgirlstravel,#blacktravelclub,#traveltuesday…,,,,,,,,,,,,,,,,
What,social,media,do,people,in,the,Caribbean,use,most,often?,Take,the,2,minute,survey:,,,,,,,,,,
Listen,to,best,Soca,tunes,on,@Caribbean,NOIZE,#NowPlaying,Santa,-,Sharlene,Boodram,Download,our,app,Today…,,,,,,,,,
Let,your,trivia,knowledge,and,competitive,spirit,show,tonight,when,you,participate,in,the,Barbados,Yacht,Club's,Qui…,,,,,,,,
What,a,story!,@rashidi_jr_268,#Cricket,#INDvWI,#MenInMaroon,#Barbados,#Caribbean,,,,,,,,,,,,,,,,,
Listen,to,best,Soca,tunes,on,@Caribbean,NOIZE,#NowPlaying,Kya,Go,On,1,Leg,-,M'ba,Download,our,app,Today…,,,,,,
How,will,you,be,celebrating,the,new,year,and,start,of,a,new,decade?,esquireentertainment,x,copacabanabb,return,with…,,,,,,,
Como,deixar,a,barba,crescer?,,,,,,,,,,,,,,,,,,,,,
Como,deixar,a,barba,crescer?,,,,,,,,,,,,,,,,,,,,,
Thank,you,dodibarbados,for,doing,business,with,us,!!,Look,at,those,delicious,pigtails,😁🤤,#dodibarbados…,,,,,,,,,,
Chillin'.,Atlantic,side,of,Barbados.,,,,,,,,,,,,,,,,,,,,,
Worn,over,time.,Love,these,rock,formations.,Don't,you,just,wish,you,could,hear,their,stories?,Gorgeous,Atlantic,coa…,,,,,,,
Reposted,from,@djautograph,(@get_regrann),-,Sweden,x,Barbados,linked,up,the,other,day,and,the,result,was,this,bad…,,,,,,,
THIS,SUNDAY,•,DECEMBER,8,•,HENNESSY,ARTISTRY,•,BUGLE,LIVE,•,BARBADOS,•,#bugle,#live,#hennessyartistry,#2019…,,,,,,,,
RIH,Vibes,today......👁️🌴,#teamtaylorke,#barbados,#vibes,#fenty,#tropicalia,,,,,,,,,,,,,,,,,,
#FlagOfTheDay,#FOTD,The,flag,of,#Barbados,in,use,since,1966,,,,,,,,,,,,,,,,
Whoa,we’re,going,to,Barbados,🎶,✈️🇧🇧,#BodyMindBliss,#Barbados,#Retreats,—,at,Birmingham,Airport,,,,,,,,,,,,
From,the,cold,to,the,"sunshine,",we,have,arrived,in,Barbados!,,,,,,,,,,,,,,,
A,survey,for,the,Caribbean,about,the,social,media,we,use,most,often:,#socialbizzbuzz…,,,,,,,,,,,,
What,has,Sir,Tom,got,to,do,with,this...?!?,#barbados,#johnrutter,#russellwatson,#raymondgubbay,#tomjones,@,Barbados,,,,,,,,,,
#Barbados,Weather:,Tue,Dec,3rd,⛅️,,,,,,,,,,,,,,,,,,,,
Listen,to,best,Soca,tunes,on,@Caribbean,NOIZE,#NowPlaying,RIBBONS,-,Marilyn,Williams,Download,our,app,Today…,,,,,,,,,
Really,laid,back,#Barbados,monkey,snapped,at,the,Wildlife,Reserve!,,,,,,,,,,,,,,,,
#barbados,we,outside,,,,,,,,,,,,,,,,,,,,,,,
The,Atlantic,Coast,of,Barbados.,Just,gorgeous.,,,,,,,,,,,,,,,,,,,
Listen,to,best,Soca,tunes,on,@Caribbean,NOIZE,#NowPlaying,Bring,Back,Parang,-,Big,B,Download,our,app,Today…,,,,,,,
WITCHCRAFT,,,,,,,,,,,,,,,,,,,,,,,,,
WHITE,MAGIC,SPELLS,TO,TRY,AT,HOME,,,,,,,,,,,,,,,,,,,
Listen,to,best,Soca,tunes,on,@Caribbean,NOIZE,#NowPlaying,Bring,Yuh,Friends,And,Come,-,Ajala,Download,our,app,Tod…,,,,,,
Listen,to,best,Soca,tunes,on,@Caribbean,NOIZE,#NowPlaying,Bring,Yuh,Friends,And,Come,-,Ajala,Download,our,app,Tod…,,,,,,
Flying,fish:,Icon,of,Barbados,under,threat,#Flyingfish,#Barbados,,,,,,,,,,,,,,,,,
India,absolutely,loving,her,Barbados,train,"ride,",and,her,Daddy,even,had,to,get,out,and,help,push,the,train!!,stnich…,,,,,
New:,Why,Caribbean,countries,are,lining,up,to,join,the,medicinal,ganja,business,,,,,,,,,,,,,
Listen,to,best,Soca,tunes,on,@Caribbean,NOIZE,#NowPlaying,Sesame,Street,-,Remy,RemBunction,Download,our,app,Today…,,,,,,,,
This,little,twist,on,the,traditional,gift,basket,idea,is,suitable,for,the,“tea”,drinkers,in,your,life.,,,,,,,,
Listen,to,best,Soca,tunes,on,@Caribbean,NOIZE,#NowPlaying,CAROLINE,-,Ziggy,Rankin,Download,our,app,Today…,,,,,,,,,
All I want for Christmas is a Real Good Tan...,KC,#kennychesney,#christmas,#barbados,#model,#bluechairbay…,,,,,,,,,,,,,,,,,,,
"Actually,",the,best,gift,you,could,have,given,her,was,a,lifetime,of,adventures....,Lewis,Carroll,,,,,,,,,,
When,people,carry,to,much,news,on,you,😂😂😂,,,,,,,,,,,,,,,,,
Love,"WhatsApp,","Instagram,",YouTube,and,Facebook?,Help,us,find,out,which,one,the,Caribbean,uses,most:…,,,,,,,,,,
Listen,to,best,Soca,tunes,on,@Caribbean,NOIZE,#NowPlaying,ESTA,FIESTA,-,Lil,Bits,Download,our,app,Today…,,,,,,,,
Listen,to,best,Soca,tunes,on,@Caribbean,NOIZE,#NowPlaying,Marina,-,Ronoman,Download,our,app,Today…,,,,,,,,,,
November,30th,was,Barbados',Independence,Day!!,Happy,Independence,to,all,of,the,Barbadians,worldwide.,,,,,,,,,,,,
Memoirs,from,an,unforgettable,trip,...,,,,,,,,,,,,,,,,,,,,
1650s,#Ireland,&amp;,#Barbados,-,,,,,,,,,,,,,,,,,,,,,
Enjoy,a,#Barbados,beach,break,from,"£1,499pp",when,taking,advantage,of,this,amazing,offer,at,@FairmontBarbado:…,,,,,,,,,,
Working,Pun,Bigman,"Settings,",⚠️,No,One,Can,Block,These,Blessings,😎,,,,,,,,,,,,,,
Ya,GirlFriend’s,Fav,+,De,Big,Belly,Rude,Boy,=,Problems,,,,,,,,,,,,,,,
Never,Stop,Hustling...,,,,,,,,,,,,,,,,,,,,,,,
Listen,to,best,Soca,tunes,on,@Caribbean,NOIZE,#NowPlaying,The,Grinch,-,MYRON,B,Download,our,app,Today…,,,,,,,,
A,survey,for,the,Caribbean,about,the,social,media,we,use,most,often:,#socialbizzbuzz…,,,,,,,,,,,,
Listen,to,best,Soca,tunes,on,@Caribbean,NOIZE,#NowPlaying,Maria,-,Crazy,Download,our,app,Today…,,,,,,,,,,
Come,out,and,support,your,era,at,the,6th,Edition,of,COTD!,"Tomorrow,",I,play,at,6:30,with,Early,90's,vs,the,Late,80's…,,
OPEN,HOUSE,in,St.,Thomas📍,Lot,21,Warrens,Crescent,|,Price:,"BDS$540,000",,,,,,,,,,,,,,
📣,New,Podcast!,WEEKLY PODCAST MIX EP5 - EVOLUTION,on,@Spreaker,#barbados,#danehall,#deejay,#dj,#evo,#evolution…,,,,,,,,,,,,,,
Were,almost,at,the,end,if,week,1,of,exams.,Be,sure,to,schedule,some,relaxation,time,during,your,study,sessions.…,,,,,
Go,wild,for,a,while.,,,,,,,,,,,,,,,,,,,,,
There,is,no,mystery,why,locals,consider,#BottomBeach,to,be,one,of,the,best,#beaches,in,#Barbados.,The,#peaceful,atm…,,,,,,
Love,"WhatsApp,","Instagram,",YouTube,and,Facebook?,Help,us,find,out,which,one,the,Caribbean,uses,most:…,,,,,,,,,,
Student,interaction,and,Seminars,on,#AUB,Admission.,Lot,of,excitement.,,,,,,,,,,,,,,,,
Pecan,wedding,cookies:,😋😋,Available,@,all,Stores,Barbados,#almondnuts,#yummy,#yum,#Barbados,#melt,#deliciousness…,,,,,,,,,,,
Bold,enough,to,walk,alone.,Thankful,that,I,don’t,have,to.,Shout,out,to,my,daily,support,system.,Y’all,the,real,m…,,,,
Time,for,"Action,",Barbados,co-facilitating,Article,6,#COP25Madrid,#Barbados,#aosis,#TimeForAction,@miaamormottley,,,,,,,,,,,,,,
What,is,your,favorite,social,media?,Take,the,survey:,#socialbizzbuzz,#survey,#socialmedia…,,,,,,,,,,,,,,
Listen,to,best,Soca,tunes,on,@Caribbean,NOIZE,#NowPlaying,Parang,On,Fire,-,Alison,Hinds,Download,our,app,Today…,,,,,,,
Listen,to,best,Soca,tunes,on,@Caribbean,NOIZE,#NowPlaying,Sing,Leon,Sing,-,Leon,Coldero,Download,our,app,Today…,,,,,,,
From,simple,to,extreme!,Just,a,sneak,peek!,#samplepiece,#jewellerymaker,#experimenting,#jewellerylover,#handmade…,,,,,,,,,,,,,
There’s,no,warmer,welcome,than,a,Bajan,welcome;,where,everybody’s,made,to,feel,right,at,home,from,the,moment,you,st…,,,,,
Day,1,of,24,Days,of,Rum,features,@mountgayrum,from,Barbados,,,,,,,,,,,,,,,
#Rihanna,#Drake,#work,#ReggaeVibes,#Jamaica,#Barbados,#remix,,,,,,,,,,,,,,,,,,,
Life,is,ok.,#barbados,#sunset,@,"Bridgetown,",Barbados,,,,,,,,,,,,,,,,,,
#CaribeEnAgenda,#IndependenceDay,on,#Nov30th,Congrats,to,#Barbados,,,,,,,,,,,,,,,,,,,
Food,porn,with,my,Caesar,salad,🥗,,,,,,,,,,,,,,,,,,,
Perfect,for,giving,out,and,spreading,the,Holiday,cheer!,25,Mini,Candy,Canes,-,$3 ,for,one,pack.,,,,,,,,
Back,@SandbachHandF,with,the,man,as,my,personal,trainer,to,get,me,in,shape,for,Barbados.,💪🦵😊…,,,,,,,,,
What,social,media,do,people,in,the,Caribbean,use,most,often?,Take,the,2,minute,survey:,,,,,,,,,,
#Snorkeling,#Barbados,#RoyalPrincess,#PrincessCruises,#ComeBackNew,#wanderlust,#travel,#beautifuldestinations…,,,,,,,,,,,,,,,,,,
What,social,media,do,people,in,the,Caribbean,use,most,often?,Take,the,2,minute,survey:,,,,,,,,,,
Enjoy,a,hot,beverage,in,a,festive,red,mug.,$3.00 ,each,in,store.,,,,,,,,,,,,,
Listen,to,best,Soca,tunes,on,@Caribbean,NOIZE,#NowPlaying,Rasta,Parang,-,RONO,MAN,Download,our,app,Today…,,,,,,,,
Principal,#Barriteau,Awarded,#Barbados’,Highest,Independence,Honour,-,#Caribbean,#Professor…,,,,,,,,,,,,,,,,
��😳😳,⁣⁣⁣⁣⁣#TeamSoca.com,#Soca,#Socamusic,#antigua,#anguilla,#bahamas,#barbados,#belize,#bermuda,#bvi,#caymanislands…,,,,,,,,,,,,,,
Dear,New,"York,",,,,,,,,,,,,,,,,,,,,,,,
Listen,to,best,Soca,tunes,on,@Caribbean,NOIZE,#NowPlaying,BRING,SIPS,-,Eddie,Charles,Download,our,app,Today…,,,,,,,,
��😩🤣,#TeamSoca.com,#Soca,#Socamusic,#antigua,#anguilla,#bahamas,#barbados,#belize,#bermuda,#bvi,#caymanislands…,,,,,,,,,,,,,,
Listen,to,best,Soca,tunes,on,@Caribbean,NOIZE,#NowPlaying,Kya,Go,On,1,Leg,-,M'ba,Download,our,app,Today…,,,,,,
On,the,#move,To,#ask,how,I,feel,about,#writing,is,to,ask,how,I,feel,about,#breathing.,Quote,by,Shakirah,Bourne.…,,,,
What,is,your,favorite,social,media?,Take,the,survey:,#socialbizzbuzz,#survey,#socialmedia…,,,,,,,,,,,,,,
On,the,#move,#TakeMe,to,that,#island,where,people,#celebrate,in,the,#streets,in,#August...Quote,by,Charmaine,J.,For…,,,,,,,
All,over,the,uk,you,can,see,these,amazing,looking,buses,🇧🇧#barbados,#uk,#holiday,#theconnectbarbados,,,,,,,,,,,
Barbados,sweet,fuh,days,and,Kadooment,is,one,of,the,sweetest,days,of,the,year,,,,,,,,,,,
#RIPIRVINGBURGIE,to,the,heavens,Aka,the,Greatest,Nation,on,Earth,today,🇨🇦,#CBC,#BARBADOS,#RIHANNA,#IRVINGBURGIE,,,,,,,,,,
Any,policy,cover,negotiated,should,include,coverage,on,a,worldwide,basis,and,provide,for,remediation,services,in,th…,,,,,,,,
Listen,to,best,Soca,tunes,on,@Caribbean,NOIZE,#NowPlaying,Ah,Hung,-,RONO,MAN,Download,our,app,Today…,,,,,,,,
Stop,it’s,painful,-,Chioma,cries,out,as,Davido,fondles,her,breast,#Davido,#Chioma,#chiomajesus,#davidostop…,,,,,,,,,,
Engage,in,lifelong,"learning,",embrace,"technology,",and,be,willing,to,evolve.,That,was,the,advice,from…,,,,,,,,,,
Listen,to,best,Soca,tunes,on,@Caribbean,NOIZE,#NowPlaying,Staff,Party,-,Blackie,Download,our,app,Today…,,,,,,,,,
Listen,to,best,Soca,tunes,on,@Caribbean,NOIZE,#NowPlaying,By,The,River,of,Babylon,-,Medloy,Download,our,app,Today…,,,,,,
WHEN,DJ,EMRON,THE,TUNE..🔥🎤🔊🔊🔊,,,,,,,,,,,,,,,,,,,,,
A,piece,of,West,Indies,Cricket,"history,",just,waiting,to,be,yours,,,,,,,,,,,,,,
Listen,to,best,Soca,tunes,on,@Caribbean,NOIZE,#NowPlaying,Santa,-,Sharlene,Boodram,Download,our,app,Today…,,,,,,,,,
What,social,media,do,people,in,the,Caribbean,use,most,often?,Take,the,2,minute,survey:,,,,,,,,,,
Whilst,most,of,us,were,celebrating,our,53rd,year,of,"independence,",others,were,facing,unfortunate,circumstances.…,,,,,,,,,,
#zereyacobe…,#Califoria,#London,#StCroix,#svg,#stvincent…,,,,,,,,,,,,,,,,,,,,
Excited,to,be,joining,fred.olsencruiselines,#Braemar,tomorrow,heading,over,to,the,sun,😎,#theazores,#stkitts…,,,,,,,,,,,
Electric,buses,‘from,China’,as,Bajan,model,unveiled,,,,,,,,,,,,,,,,,,
Listen,to,best,Soca,tunes,on,@Caribbean,NOIZE,#NowPlaying,Maria,-,Crazy,Download,our,app,Today…,,,,,,,,,,
L,E,V,E,L,V,I,B,E,S,🎧🎤,,,,,,,,,,,,,,,
A,survey,for,the,Caribbean,about,the,social,media,we,use,most,often:,#socialbizzbuzz…,,,,,,,,,,,,
OPEN,HOUSE,TODAY!,Listing,ID:,1831952,-,3,bed,with,optional,fourth,"bedroom,",2,bath,house,on,"9,047",sq.,ft.,of,land,w…,,,
No,filter,needed,👌🏼🌴,,,,,,,,,,,,,,,,,,,,,,
#blackbellysheep,#exclusive,to,#Barbados,#Rare,,,,,,,,,,,,,,,,,,,,,
#TrinidadandTobago,#Jamaica,#Barbados,#Guyana,#Guadeloupe,#Grenada,#Antigua,#CaymanIslands,#StKitts,#Nevis…,,,,,,,,,,,,,,,,
#Barbados,,,,,,,,,,,,,,,,,,,,,,,,,
It's,the,most,wonderful,time,of,the,year!,🎵,,,,,,,,,,,,,,,,,
Reunión,con,el,equipo,de,la,Federación,Internacional,de,sociedades,de,la,Cruz,Roja,en,Barbados,,,,,,,,,,
SPREAD,THE,WORD!,Bus,stop,in,Barbados,shares,the,tree,planting,message,🥳,,,,,,,,,,,,,
SPREAD,THE,WORD!,Bus,stop,in,Barbados,shares,the,tree,planting,message,🥳,,,,,,,,,,,,,
With,Christmas,just,around,the,"corner,",get,your,bookings,in.,We,are,now,open,for,Pre,and,Post,Christmas,sessions.,G…,,,,,
FREE,GOLF,with,Christmas,Stay,at,Mahogany,Drive,7,(,6,beds),OR,8,(,4,beds),,,,,,,,,
Just,saying...😊,,,,,,,,,,,,,,,,,,,,,,,,
A,survey,for,the,Caribbean,about,the,social,media,we,use,most,often:,#socialbizzbuzz…,,,,,,,,,,,,
Listen,to,best,Soca,tunes,on,@Caribbean,NOIZE,#NowPlaying,ENJOY,YOURSELF,-,Lennox,Picou,Download,our,app,Today…,,,,,,,,
Listen,to,best,Soca,tunes,on,@Caribbean,NOIZE,#NowPlaying,ESTA,FIESTA,-,Lil,Bits,Download,our,app,Today…,,,,,,,,
#barbados,#affordable,#melrosebeachapartments,,,,,,,,,,,,,,,,,,,,,,,
There,is,still,much,to,be,"done,",in,particular,concerning,fire,"extinguishers,",to,ensure,the,safety,of,workers,in,The…,,,,,,
#REISETIPP,#Barbados,#KARIBIK,★★★,Reise,Specials,4you,!,#TRAUMSTRAND,#Traumreise,#Fernreise,#ReiseDEALS,#reisen…,,,,,,,,,,,,,
Saturday,Special,for,the,month,of,December,at,Plant,Lyfe!,Vegan,Pudding,+,Souse,pun,a,Satduh.,,,,,,,,,
Just,landed,in,London,and,am,missing,#barbados,already!,Now,time,to,zoom,up,to,Manchester,for,tomorrow’s,concert,wi…,,,,,,
It’s,a,time,for,change.,Addressing,these,four,key,areas,that,present,structural,challenges,to,growth,and,developmen…,,,,,,,,
ADAM,out,now!!!,,,,,,,,,,,,,,,,,,,,,,,
I,want,a,sea,🌊,bath,so,much,right,now.,😩BIM,memories.,😊,🇧🇧🇧🇧,#Barbados,,,,,,,,,,,
Winter,in,Barbados,😁❄️🎿,#CurrentSituation,#Barbados,@bookbarbados,,,,,,,,,,,,,,,,,,,
Listen,to,best,Soca,tunes,on,@Caribbean,NOIZE,#NowPlaying,Do,You,Believe,-,Mighty,Sparrow,Download,our,app,Today…,,,,,,,
Die,schönsten,Strände,und,Orte,auf,#Barbados,,,,,,,,,,,,,,,,,,,
Love,"WhatsApp,","Instagram,",YouTube,and,Facebook?,Help,us,find,out,which,one,the,Caribbean,uses,most:…,,,,,,,,,,
Young,Bajan,innovator,beats,the,odds,,,,,,,,,,,,,,,,,,,,
Today's,photo,of,the,day,#sheep,#barbados,#travel,#adventure,#farming,#agriculture,,,,,,,,,,,,,,,
Listen,to,best,Soca,tunes,on,@Caribbean,NOIZE,#NowPlaying,Fire,One,-,KING,WELLINGTON,Download,our,app,Today…,,,,,,,,
Listen,to,best,Soca,tunes,on,@Caribbean,NOIZE,#NowPlaying,Bring,Me,A,Parang,-,Designer,Download,our,app,Today…,,,,,,,
Bajan,things.,,,,,,,,,,,,,,,,,,,,,,,,
